1,2022-09-04 10:00:00,3,25.65
2,2022-09-04 10:02:00,4,27.3
3,2022-09-04 10:05:00,3,53.45
4,2022-09-04 10:07:00,4,41.2
5,2022-09-04 10:09:00,3,32.4
6,2022-09-04 10:14:00,5,53.45
7,2022-09-04 10:21:00,6,34.4
8,2022-09-04 10:27:00,5,23.7
9,2022-09-04 10:28:00,5,34.2
10,2022-09-04 10:30:00,2,25.2
11,2022-09-04 10:31:00,1,23.9
12,2022-09-04 10:36:00,3,37.8
13,2022-09-04 10:45:00,3,43.4
14,2022-09-04 10:54:00,4,43.65
15,2022-09-04 11:00:00,1,41.7
16,2022-09-04 11:06:00,7,41.55
17,2022-09-04 11:14:00,3,33.7
18,2022-09-04 11:18:00,2,45.3
19,2022-09-04 11:21:00,7,47.05
20,2022-09-04 11:22:00,2,52.95
21,2022-09-04 11:24:00,2,29.1
22,2022-09-04 11:25:00,1,39.3
23,2022-09-04 11:35:00,1,25.2
24,2022-09-04 11:40:00,6,48.3
25,2022-09-04 11:50:00,6,15.45
26,2022-09-04 11:51:00,3,40.8
27,2022-09-04 11:59:00,1,40.35
28,2022-09-04 12:03:00,3,33.95
29,2022-09-04 12:12:00,6,24.7
30,2022-09-04 12:13:00,5,24.4
31,2022-09-04 12:16:00,3,50.05
32,2022-09-04 12:25:00,4,31.4
33,2022-09-04 12:35:00,3,32.9
34,2022-09-04 12:36:00,4,45.05
35,2022-09-04 12:37:00,5,45.4
36,2022-09-04 12:46:00,3,38.8
37,2022-09-04 12:49:00,4,33.15
38,2022-09-04 12:55:00,1,41.45
39,2022-09-04 13:00:00,6,37.8
40,2022-09-04 13:10:00,7,40.8
41,2022-09-04 13:14:00,7,41.65
42,2022-09-04 13:22:00,3,37.55
43,2022-09-04 13:29:00,5,25.2
44,2022-09-04 13:39:00,2,17.55
45,2022-09-04 13:43:00,5,34.9
46,2022-09-04 13:44:00,6,33.4
47,2022-09-04 13:46:00,3,38.75
48,2022-09-04 13:56:00,5,43.9
49,2022-09-04 14:01:00,1,45.15
50,2022-09-04 14:07:00,6,28.55
51,2022-09-04 14:13:00,5,48.55
52,2022-09-04 14:18:00,1,49.8
53,2022-09-04 14:27:00,5,32.2
54,2022-09-04 14:33:00,5,20.3
55,2022-09-04 14:39:00,6,18.55
56,2022-09-04 14:41:00,4,26.3
57,2022-09-04 14:43:00,7,33.4
58,2022-09-04 14:50:00,2,18.55
59,2022-09-04 14:53:00,5,43.9
60,2022-09-04 14:58:00,6,33.95
61,2022-09-04 15:06:00,1,23.7
62,2022-09-04 15:08:00,1,25.9
63,2022-09-05 10:00:00,5,44.55
64,2022-09-05 10:01:00,6,45.3
65,2022-09-05 10:06:00,4,44.8
66,2022-09-05 10:10:00,3,30.8
67,2022-09-05 10:15:00,4,44.7
68,2022-09-05 10:23:00,5,22.95
69,2022-09-05 10:27:00,1,21.9
70,2022-09-05 10:37:00,2,22.65
71,2022-09-05 10:46:00,6,25.2
72,2022-09-05 10:49:00,2,18.8
73,2022-09-05 10:58:00,6,37.8
74,2022-09-05 11:08:00,2,22.95
75,2022-09-05 11:10:00,3,51.95
76,2022-09-05 11:12:00,1,25.2
77,2022-09-05 11:20:00,7,34.2
78,2022-09-05 11:22:00,7,24.4
79,2022-09-05 11:30:00,7,20.55
80,2022-09-05 11:37:00,2,43.95
81,2022-09-05 11:43:00,3,18.3
82,2022-09-05 11:44:00,4,47.05
83,2022-09-05 11:48:00,6,26.7
84,2022-09-05 11:53:00,3,31.9
85,2022-09-05 12:03:00,1,23.9
86,2022-09-05 12:08:00,6,36.05
87,2022-09-05 12:18:00,5,22.65
88,2022-09-05 12:24:00,2,33.4
89,2022-09-05 12:27:00,6,20.85
90,2022-09-05 12:31:00,2,32.7
91,2022-09-05 12:40:00,3,38.05
92,2022-09-05 12:49:00,4,44.9
93,2022-09-05 12:51:00,1,38.05
94,2022-09-05 12:55:00,4,42.15
95,2022-09-05 13:01:00,7,33.95
96,2022-09-05 13:04:00,7,48.8
97,2022-09-05 13:11:00,7,45.05
98,2022-09-05 13:14:00,3,27.8
99,2022-09-05 13:20:00,5,46.3
100,2022-09-05 13:21:00,3,26.4
101,2022-09-05 13:24:00,4,41.9
102,2022-09-05 13:25:00,7,46.8
103,2022-09-05 13:34:00,3,49.2
104,2022-09-05 13:42:00,3,39.8
105,2022-09-05 13:49:00,7,47.05
106,2022-09-05 13:57:00,7,39.05
107,2022-09-05 14:05:00,2,24.4
108,2022-09-05 14:06:00,2,33.95
109,2022-09-05 14:12:00,5,32.7
110,2022-09-05 14:20:00,6,34.9
111,2022-09-05 14:25:00,6,29.05
112,2022-09-05 14:31:00,6,25.2
113,2022-09-05 14:37:00,3,28.8
114,2022-09-05 14:39:00,2,28.55
115,2022-09-05 14:44:00,5,43.65
116,2022-09-05 14:53:00,1,33.95
117,2022-09-05 14:55:00,7,50.05
118,2022-09-05 14:59:00,5,23.45
119,2022-09-05 15:04:00,7,44.45
120,2022-09-05 15:10:00,5,49.45
121,2022-09-05 15:12:00,2,51.95
122,2022-09-05 15:15:00,1,18.55
123,2022-09-05 15:19:00,7,42.2
124,2022-09-05 15:26:00,5,21.1
125,2022-09-05 15:29:00,6,18.8
126,2022-09-05 15:35:00,6,18.55
127,2022-09-05 15:36:00,4,33.15
128,2022-09-06 10:00:00,6,20.0
129,2022-09-06 10:03:00,5,28.55
130,2022-09-06 10:04:00,2,22.95
131,2022-09-06 10:10:00,2,24.15
132,2022-09-06 10:16:00,4,41.95
133,2022-09-06 10:21:00,2,25.9
134,2022-09-06 10:29:00,5,41.4
135,2022-09-06 10:31:00,3,51.45
136,2022-09-06 10:34:00,3,53.2
137,2022-09-06 10:38:00,4,51.95
138,2022-09-06 10:45:00,4,44.2
139,2022-09-06 10:51:00,4,51.45
140,2022-09-06 10:54:00,7,29.8
141,2022-09-06 10:56:00,6,30.8
142,2022-09-06 11:03:00,3,43.65
143,2022-09-06 11:06:00,6,37.05
144,2022-09-06 11:13:00,3,33.7
145,2022-09-06 11:19:00,2,41.45
146,2022-09-06 11:23:00,2,33.2
147,2022-09-06 11:28:00,7,30.25
148,2022-09-06 11:35:00,1,48.3
149,2022-09-06 11:38:00,2,31.7
150,2022-09-06 11:46:00,5,31.65
151,2022-09-06 11:51:00,1,39.05
152,2022-09-06 12:01:00,1,30.55
153,2022-09-06 12:11:00,5,30.8
154,2022-09-06 12:15:00,6,40.4
155,2022-09-06 12:16:00,5,41.9
156,2022-09-06 12:18:00,1,32.45
157,2022-09-06 12:27:00,4,53.2
158,2022-09-06 12:33:00,2,22.9
159,2022-09-06 12:39:00,3,36.05
160,2022-09-06 12:47:00,5,31.75
161,2022-09-06 12:51:00,2,44.55
162,2022-09-06 12:56:00,6,24.2
163,2022-09-06 13:05:00,3,46.05
164,2022-09-06 13:09:00,1,29.3
165,2022-09-06 13:15:00,5,43.9
166,2022-09-06 13:19:00,7,31.15
167,2022-09-06 13:25:00,4,41.2
168,2022-09-06 13:32:00,1,19.8
169,2022-09-06 13:41:00,3,44.2
170,2022-09-06 13:45:00,1,42.9
171,2022-09-06 13:54:00,2,30.3
172,2022-09-06 14:04:00,3,48.3
173,2022-09-06 14:09:00,1,33.15
174,2022-09-06 14:16:00,3,49.8
175,2022-09-06 14:24:00,6,42.2
176,2022-09-06 14:26:00,3,37.8
177,2022-09-06 14:29:00,5,24.4
178,2022-09-06 14:32:00,3,37.05
179,2022-09-06 14:38:00,3,33.15
180,2022-09-06 14:39:00,2,41.4
181,2022-09-06 14:42:00,5,38.05
182,2022-09-06 14:46:00,6,53.2
183,2022-09-06 14:49:00,5,31.4
184,2022-09-06 14:56:00,1,22.9
185,2022-09-06 15:04:00,2,28.8
186,2022-09-06 15:14:00,6,28.8
187,2022-09-06 15:21:00,4,27.05
188,2022-09-06 15:29:00,2,33.45
189,2022-09-07 10:00:00,1,54.45
190,2022-09-07 10:07:00,3,41.45
191,2022-09-07 10:11:00,4,23.45
192,2022-09-07 10:21:00,6,30.8
193,2022-09-07 10:25:00,5,19.8
194,2022-09-07 10:34:00,2,32.9
195,2022-09-07 10:38:00,1,18.3
196,2022-09-07 10:41:00,2,24.4
197,2022-09-07 10:49:00,6,38.55
198,2022-09-07 10:56:00,6,18.05
199,2022-09-07 11:00:00,1,18.05
200,2022-09-07 11:05:00,7,42.7
201,2022-09-07 11:09:00,6,41.9
202,2022-09-07 11:18:00,3,33.15
203,2022-09-07 11:27:00,3,49.8
204,2022-09-07 11:31:00,4,30.3
205,2022-09-07 11:33:00,2,31.4
206,2022-09-07 11:43:00,7,39.9
207,2022-09-07 11:48:00,4,18.8
208,2022-09-07 11:58:00,3,33.95
209,2022-09-07 12:07:00,7,27.3
210,2022-09-07 12:11:00,3,38.3
211,2022-09-07 12:20:00,4,17.55
212,2022-09-07 12:27:00,2,27.05
213,2022-09-07 12:34:00,7,41.3
214,2022-09-07 12:39:00,5,35.45
215,2022-09-07 12:41:00,4,54.95
216,2022-09-07 12:45:00,3,18.05
217,2022-09-07 12:49:00,6,48.55
218,2022-09-07 12:52:00,1,46.55
219,2022-09-07 13:02:00,3,15.9
220,2022-09-07 13:04:00,6,37.8
221,2022-09-07 13:05:00,5,23.2
222,2022-09-07 13:14:00,1,21.8
223,2022-09-07 13:21:00,7,43.95
224,2022-09-07 13:23:00,6,25.4
225,2022-09-07 13:26:00,5,45.15
226,2022-09-07 13:36:00,3,39.05
227,2022-09-07 13:37:00,4,32.3
228,2022-09-07 13:43:00,4,31.7
229,2022-09-07 13:51:00,6,27.3
230,2022-09-07 13:52:00,4,49.7
231,2022-09-07 13:54:00,3,38.05
232,2022-09-07 14:03:00,1,26.45
233,2022-09-07 14:04:00,6,33.15
234,2022-09-07 14:11:00,4,42.7
235,2022-09-07 14:16:00,6,27.05
236,2022-09-07 14:21:00,3,22.6
237,2022-09-07 14:30:00,4,40.7
238,2022-09-07 14:36:00,5,52.2
239,2022-09-07 14:46:00,6,33.4
240,2022-09-07 14:52:00,6,17.7
241,2022-09-07 14:54:00,6,42.15
242,2022-09-07 15:00:00,1,41.4
243,2022-09-07 15:08:00,6,43.15
244,2022-09-07 15:18:00,1,44.7
245,2022-09-07 15:19:00,1,27.55
246,2022-09-07 15:25:00,4,37.55
247,2022-09-07 15:33:00,6,39.6
248,2022-09-07 15:42:00,6,45.4
249,2022-09-07 15:47:00,4,31.45
250,2022-09-07 15:50:00,6,42.2
251,2022-09-07 15:59:00,7,32.2
252,2022-09-07 16:00:00,4,22.65
253,2022-09-07 16:01:00,7,46.8
254,2022-09-08 10:00:00,3,33.7
255,2022-09-08 10:08:00,7,45.55
256,2022-09-08 10:10:00,2,23.7
257,2022-09-08 10:18:00,7,33.45
258,2022-09-08 10:24:00,1,40.3
259,2022-09-08 10:25:00,3,18.3
260,2022-09-08 10:28:00,1,49.8
261,2022-09-08 10:38:00,6,31.95
262,2022-09-08 10:42:00,2,40.65
263,2022-09-08 10:47:00,4,46.55
264,2022-09-08 10:48:00,1,38.6
265,2022-09-08 10:57:00,3,36.55
266,2022-09-08 11:03:00,1,29.05
267,2022-09-08 11:10:00,2,44.8
268,2022-09-08 11:14:00,6,16.2
269,2022-09-08 11:21:00,6,42.95
270,2022-09-08 11:31:00,2,39.65
271,2022-09-08 11:33:00,5,31.95
272,2022-09-08 11:36:00,2,22.4
273,2022-09-08 11:43:00,3,42.9
274,2022-09-08 11:51:00,3,35.8
275,2022-09-08 11:52:00,4,27.3
276,2022-09-08 11:53:00,5,15.7
277,2022-09-08 12:03:00,2,33.15
278,2022-09-08 12:08:00,4,46.55
279,2022-09-08 12:13:00,4,47.8
280,2022-09-08 12:23:00,7,34.7
281,2022-09-08 12:28:00,3,25.2
282,2022-09-08 12:36:00,2,47.05
283,2022-09-08 12:37:00,3,28.3
284,2022-09-08 12:44:00,4,47.85
285,2022-09-08 12:51:00,7,32.65
286,2022-09-08 12:54:00,3,35.7
287,2022-09-08 12:58:00,7,42.8
288,2022-09-08 13:07:00,4,34.4
289,2022-09-08 13:12:00,3,25.9
290,2022-09-08 13:13:00,1,25.9
291,2022-09-08 13:14:00,3,48.95
292,2022-09-08 13:24:00,3,39.55
293,2022-09-08 13:33:00,5,40.15
294,2022-09-08 13:42:00,2,47.3
295,2022-09-08 13:43:00,2,17.8
296,2022-09-08 13:44:00,7,32.2
297,2022-09-08 13:50:00,3,46.55
298,2022-09-08 13:53:00,2,44.2
299,2022-09-08 14:01:00,4,32.65
300,2022-09-08 14:02:00,6,40.2
301,2022-09-08 14:09:00,1,29.05
302,2022-09-08 14:12:00,4,19.8
303,2022-09-08 14:21:00,5,36.3
304,2022-09-08 14:29:00,2,53.45
305,2022-09-08 14:39:00,5,22.9
306,2022-09-08 14:44:00,5,43.65
307,2022-09-08 14:52:00,4,34.7
308,2022-09-08 14:55:00,3,24.65
309,2022-09-08 15:05:00,7,41.9
310,2022-09-08 15:14:00,1,19.8
311,2022-09-08 15:19:00,2,43.45
312,2022-09-08 15:29:00,4,50.7
313,2022-09-08 15:39:00,7,31.6
314,2022-09-08 15:45:00,7,35.9
315,2022-09-08 15:51:00,4,45.9
316,2022-09-09 10:00:00,4,38.05
317,2022-09-09 10:08:00,3,43.45
318,2022-09-09 10:14:00,7,22.9
319,2022-09-09 10:18:00,6,27.3
320,2022-09-09 10:24:00,4,39.55
321,2022-09-09 10:25:00,6,34.9
322,2022-09-09 10:32:00,6,37.55
323,2022-09-09 10:42:00,5,42.25
324,2022-09-09 10:44:00,3,19.8
325,2022-09-09 10:50:00,2,39.55
326,2022-09-09 10:51:00,4,22.1
327,2022-09-09 11:01:00,6,43.65
328,2022-09-09 11:05:00,7,34.9
329,2022-09-09 11:11:00,3,37.55
330,2022-09-09 11:16:00,5,19.3
331,2022-09-09 11:24:00,6,25.2
332,2022-09-09 11:29:00,7,39.05
333,2022-09-09 11:33:00,2,37.8
334,2022-09-09 11:39:00,1,48.3
335,2022-09-09 11:42:00,1,32.05
336,2022-09-09 11:46:00,7,31.15
337,2022-09-09 11:47:00,2,39.5
338,2022-09-09 11:49:00,5,43.4
339,2022-09-09 11:52:00,4,18.8
340,2022-09-09 11:57:00,3,32.45
341,2022-09-09 12:00:00,5,30.8
342,2022-09-09 12:02:00,3,24.4
343,2022-09-09 12:08:00,6,36.4
344,2022-09-09 12:13:00,1,25.2
345,2022-09-09 12:16:00,1,42.45
346,2022-09-09 12:26:00,1,46.8
347,2022-09-09 12:30:00,1,51.45
348,2022-09-09 12:38:00,2,42.7
349,2022-09-09 12:47:00,4,49.35
350,2022-09-09 12:52:00,5,27.55
351,2022-09-09 13:02:00,3,22.65
352,2022-09-09 13:05:00,3,32.45
353,2022-09-09 13:14:00,2,27.3
354,2022-09-09 13:21:00,7,48.25
355,2022-09-09 13:30:00,5,37.55
356,2022-09-09 13:39:00,5,27.05
357,2022-09-09 13:47:00,6,22.65
358,2022-09-09 13:57:00,2,45.3
359,2022-09-09 13:59:00,5,22.7
360,2022-09-09 14:03:00,5,46.3
361,2022-09-09 14:12:00,4,31.4
362,2022-09-09 14:18:00,4,23.45
363,2022-09-09 14:25:00,3,41.05
364,2022-09-09 14:27:00,3,30.25
365,2022-09-09 14:31:00,4,23.7
366,2022-09-09 14:35:00,3,31.65
367,2022-09-09 14:40:00,4,45.45
368,2022-09-09 14:47:00,6,43.2
369,2022-09-09 14:54:00,1,25.2
370,2022-09-09 15:02:00,1,37.8
371,2022-09-09 15:11:00,7,52.45
372,2022-09-09 15:17:00,5,32.9
373,2022-09-09 15:22:00,6,34.4
374,2022-09-09 15:25:00,1,41.65
375,2022-09-09 15:30:00,7,40.35
376,2022-09-09 15:35:00,3,36.55
377,2022-09-09 15:38:00,6,18.55
378,2022-09-09 15:40:00,4,41.4
379,2022-09-09 15:50:00,4,43.2
380,2022-09-10 10:00:00,6,23.65
381,2022-09-10 10:07:00,5,18.8
382,2022-09-10 10:10:00,2,41.45
383,2022-09-10 10:13:00,7,36.3
384,2022-09-10 10:17:00,7,18.3
385,2022-09-10 10:20:00,7,33.15
386,2022-09-10 10:28:00,5,40.65
387,2022-09-10 10:31:00,2,45.95
388,2022-09-10 10:39:00,3,19.8
389,2022-09-10 10:48:00,7,24.7
390,2022-09-10 10:54:00,2,42.45
391,2022-09-10 11:04:00,1,47.3
392,2022-09-10 11:06:00,1,49.95
393,2022-09-10 11:09:00,7,18.55
394,2022-09-10 11:18:00,3,31.7
395,2022-09-10 11:23:00,5,46.8
396,2022-09-10 11:25:00,1,18.3
397,2022-09-10 11:26:00,1,31.65
398,2022-09-10 11:28:00,4,42.45
399,2022-09-10 11:33:00,5,51.45
400,2022-09-10 11:41:00,3,27.8
401,2022-09-10 11:45:00,4,15.7
402,2022-09-10 11:47:00,7,44.9
403,2022-09-10 11:57:00,5,42.95
404,2022-09-10 12:07:00,1,41.9
405,2022-09-10 12:16:00,4,24.15
406,2022-09-10 12:25:00,3,33.4
407,2022-09-10 12:26:00,3,45.05
408,2022-09-10 12:31:00,2,26.8
409,2022-09-10 12:37:00,4,31.6
410,2022-09-10 12:44:00,1,48.3
411,2022-09-10 12:46:00,4,48.55
412,2022-09-10 12:56:00,2,41.9
413,2022-09-10 13:02:00,4,22.95
414,2022-09-10 13:09:00,3,21.9
415,2022-09-10 13:16:00,1,50.85
416,2022-09-10 13:22:00,7,22.4
417,2022-09-10 13:29:00,3,19.85
418,2022-09-10 13:39:00,7,29.8
419,2022-09-10 13:43:00,3,46.2
420,2022-09-10 13:44:00,4,28.8
421,2022-09-10 13:48:00,2,32.9
422,2022-09-10 13:56:00,5,24.4
423,2022-09-10 14:03:00,1,27.05
424,2022-09-10 14:08:00,2,35.55
425,2022-09-10 14:12:00,3,32.2
426,2022-09-10 14:15:00,7,23.2
427,2022-09-10 14:16:00,1,15.4
428,2022-09-10 14:23:00,6,29.1
429,2022-09-10 14:29:00,2,32.9
430,2022-09-10 14:30:00,2,22.45
431,2022-09-10 14:33:00,7,46.3
432,2022-09-10 14:37:00,6,36.55
433,2022-09-10 14:47:00,5,33.1
434,2022-09-10 14:57:00,2,42.45
435,2022-09-10 15:03:00,7,32.9
436,2022-09-10 15:09:00,2,17.8
437,2022-09-10 15:19:00,1,15.4
438,2022-09-10 15:28:00,2,50.45
439,2022-09-10 15:29:00,4,30.1
440,2022-09-10 15:30:00,1,30.9
441,2022-09-10 15:33:00,2,32.0
442,2022-09-10 15:38:00,6,22.15
443,2022-09-10 15:39:00,4,43.65
444,2022-09-10 15:46:00,1,24.7
445,2022-09-10 15:47:00,2,24.15
446,2022-09-10 15:48:00,7,29.6
447,2022-09-10 15:56:00,5,39.8
448,2022-09-10 16:05:00,5,24.2
449,2022-09-10 16:11:00,7,34.65
450,2022-09-10 16:16:00,5,28.55
451,2022-09-10 16:25:00,7,18.55
452,2022-09-10 16:29:00,4,44.15
453,2022-09-10 16:39:00,7,42.7
454,2022-09-10 16:41:00,6,32.65
455,2022-09-10 16:51:00,6,35.45
456,2022-09-10 16:52:00,5,23.9
457,2022-09-10 16:55:00,4,22.95
458,2022-09-10 16:59:00,4,24.15
459,2022-09-10 17:05:00,3,34.4
460,2022-09-10 17:14:00,7,29.3
461,2022-09-10 17:22:00,5,41.65
462,2022-09-10 17:32:00,5,18.05
463,2022-09-10 17:41:00,1,47.6
464,2022-09-10 17:43:00,3,43.9
465,2022-09-10 17:44:00,2,36.05
466,2022-09-10 17:52:00,7,35.8
467,2022-09-10 17:53:00,2,22.7
468,2022-09-10 17:59:00,2,33.15
469,2022-09-10 18:08:00,6,23.2
470,2022-09-10 18:11:00,6,33.4
471,2022-09-10 18:18:00,7,18.05
472,2022-09-10 18:19:00,2,22.4
473,2022-09-10 18:24:00,4,39.1
474,2022-09-10 18:29:00,1,53.2
475,2022-09-10 18:30:00,3,35.2
476,2022-09-10 18:32:00,4,43.4
477,2022-09-10 18:42:00,4,23.9
478,2022-09-10 18:45:00,4,31.95
479,2022-09-10 18:53:00,5,38.05
480,2022-09-10 18:54:00,1,25.9
481,2022-09-10 19:02:00,7,27.8
482,2022-09-10 19:11:00,1,23.7
483,2022-09-10 19:21:00,7,19.8
484,2022-09-10 19:25:00,5,24.7
485,2022-09-10 19:33:00,5,13.3
486,2022-09-10 19:42:00,6,41.7
487,2022-09-10 19:48:00,2,33.45
488,2022-09-10 19:50:00,2,43.7
489,2022-09-11 10:00:00,4,31.4
490,2022-09-11 10:03:00,3,46.55
491,2022-09-11 10:05:00,2,22.65
492,2022-09-11 10:11:00,7,29.3
493,2022-09-11 10:17:00,4,18.3
494,2022-09-11 10:24:00,6,17.4
495,2022-09-11 10:34:00,7,45.05
496,2022-09-11 10:36:00,1,29.05
497,2022-09-11 10:44:00,4,40.7
498,2022-09-11 10:54:00,5,35.45
499,2022-09-11 11:04:00,3,20.3
500,2022-09-11 11:06:00,3,27.3
501,2022-09-11 11:11:00,6,19.3
502,2022-09-11 11:12:00,2,47.6
503,2022-09-11 11:14:00,4,22.15
504,2022-09-11 11:19:00,2,31.35
505,2022-09-11 11:23:00,2,32.4
506,2022-09-11 11:31:00,3,20.55
507,2022-09-11 11:37:00,2,48.05
508,2022-09-11 11:47:00,7,41.65
509,2022-09-11 11:53:00,1,22.95
510,2022-09-11 12:01:00,5,34.9
511,2022-09-11 12:11:00,4,40.15
512,2022-09-11 12:19:00,5,34.9
513,2022-09-11 12:26:00,4,51.2
514,2022-09-11 12:33:00,7,43.4
515,2022-09-11 12:42:00,1,31.65
516,2022-09-11 12:44:00,7,41.3
517,2022-09-11 12:51:00,4,27.3
518,2022-09-11 13:01:00,7,30.05
519,2022-09-11 13:05:00,7,52.95
520,2022-09-11 13:06:00,5,33.7
521,2022-09-11 13:11:00,3,17.7
522,2022-09-11 13:16:00,5,53.2
523,2022-09-11 13:26:00,1,19.8
524,2022-09-11 13:36:00,6,20.35
525,2022-09-11 13:42:00,5,40.7
526,2022-09-11 13:51:00,4,41.55
527,2022-09-11 13:55:00,6,18.8
528,2022-09-11 14:04:00,4,33.4
529,2022-09-11 14:14:00,3,23.7
530,2022-09-11 14:19:00,1,31.95
531,2022-09-11 14:20:00,2,29.3
532,2022-09-11 14:29:00,1,52.45
533,2022-09-11 14:33:00,4,23.2
534,2022-09-11 14:38:00,3,42.1
535,2022-09-11 14:39:00,2,33.45
536,2022-09-11 14:47:00,3,38.75
537,2022-09-11 14:51:00,4,18.55
538,2022-09-11 14:55:00,7,38.3
539,2022-09-11 14:59:00,7,41.9
540,2022-09-11 15:07:00,1,24.95
541,2022-09-11 15:10:00,1,42.95
542,2022-09-11 15:11:00,5,51.7
543,2022-09-11 15:21:00,7,23.2
544,2022-09-11 15:26:00,3,37.8
545,2022-09-11 15:36:00,3,28.55
546,2022-09-11 15:39:00,6,23.65
547,2022-09-11 15:46:00,2,42.9
548,2022-09-11 15:53:00,2,38.05
549,2022-09-11 16:02:00,4,38.6
550,2022-09-11 16:11:00,2,32.9
551,2022-09-11 16:21:00,4,31.15
552,2022-09-11 16:26:00,4,33.7
553,2022-09-11 16:36:00,2,20.3
554,2022-09-11 16:44:00,6,46.9
555,2022-09-12 10:00:00,1,40.15
556,2022-09-12 10:07:00,6,41.1
557,2022-09-12 10:13:00,6,53.2
558,2022-09-12 10:17:00,4,18.8
559,2022-09-12 10:25:00,1,18.55
560,2022-09-12 10:31:00,5,31.7
561,2022-09-12 10:37:00,7,42.95
562,2022-09-12 10:42:00,4,51.7
563,2022-09-12 10:43:00,6,46.05
564,2022-09-12 10:48:00,4,42.45
565,2022-09-12 10:58:00,1,41.9
566,2022-09-12 11:05:00,1,42.15
567,2022-09-12 11:08:00,6,30.8
568,2022-09-12 11:16:00,5,33.15
569,2022-09-12 11:20:00,4,35.2
570,2022-09-12 11:23:00,5,34.7
571,2022-09-12 11:32:00,3,13.3
572,2022-09-12 11:40:00,6,40.45
573,2022-09-12 11:48:00,7,41.85
574,2022-09-12 11:51:00,2,15.65
575,2022-09-12 11:57:00,1,19.8
576,2022-09-12 12:02:00,7,35.65
577,2022-09-12 12:10:00,3,40.8
578,2022-09-12 12:14:00,7,22.9
579,2022-09-12 12:23:00,3,17.8
580,2022-09-12 12:28:00,3,40.85
581,2022-09-12 12:37:00,1,25.9
582,2022-09-12 12:44:00,7,17.2
583,2022-09-12 12:49:00,4,43.4
584,2022-09-12 12:50:00,4,47.05
585,2022-09-12 12:56:00,4,23.45
586,2022-09-12 13:00:00,1,53.7
587,2022-09-12 13:09:00,5,46.8
588,2022-09-12 13:14:00,7,30.25
589,2022-09-12 13:16:00,3,29.05
590,2022-09-12 13:18:00,5,38.05
591,2022-09-12 13:25:00,3,28.8
592,2022-09-12 13:34:00,1,49.7
593,2022-09-12 13:41:00,6,27.8
594,2022-09-12 13:49:00,1,38.3
595,2022-09-12 13:53:00,5,48.8
596,2022-09-12 13:59:00,2,29.3
597,2022-09-12 14:03:00,1,33.15
598,2022-09-12 14:04:00,6,22.4
599,2022-09-12 14:12:00,7,20.3
600,2022-09-12 14:17:00,4,45.55
601,2022-09-12 14:26:00,3,49.55
602,2022-09-12 14:30:00,1,41.65
603,2022-09-12 14:39:00,5,18.8
604,2022-09-12 14:41:00,4,52.45
605,2022-09-12 14:47:00,4,30.9
606,2022-09-12 14:52:00,5,24.65
607,2022-09-12 14:59:00,6,18.8
608,2022-09-12 15:07:00,6,15.15
609,2022-09-12 15:17:00,6,24.7
610,2022-09-12 15:21:00,3,41.65
611,2022-09-12 15:26:00,6,33.45
612,2022-09-12 15:27:00,2,15.9
613,2022-09-12 15:30:00,2,40.1
614,2022-09-12 15:33:00,5,46.55
615,2022-09-12 15:39:00,3,22.6
616,2022-09-12 15:43:00,1,32.65
617,2022-09-12 15:50:00,2,22.65
618,2022-09-12 15:51:00,1,30.1
619,2022-09-12 15:58:00,3,50.7
620,2022-09-13 10:00:00,2,47.3
621,2022-09-13 10:06:00,1,41.9
622,2022-09-13 10:08:00,1,42.45
623,2022-09-13 10:16:00,3,31.15
624,2022-09-13 10:17:00,7,30.95
625,2022-09-13 10:19:00,6,20.05
626,2022-09-13 10:24:00,5,34.4
627,2022-09-13 10:28:00,1,26.55
628,2022-09-13 10:29:00,4,33.4
629,2022-09-13 10:30:00,1,50.1
630,2022-09-13 10:37:00,6,29.3
631,2022-09-13 10:45:00,5,22.65
632,2022-09-13 10:49:00,4,38.55
633,2022-09-13 10:52:00,1,50.1
634,2022-09-13 10:58:00,4,36.3
635,2022-09-13 11:00:00,6,17.7
636,2022-09-13 11:04:00,1,43.9
637,2022-09-13 11:07:00,6,30.35
638,2022-09-13 11:09:00,1,37.8
639,2022-09-13 11:18:00,1,31.7
640,2022-09-13 11:23:00,1,32.8
641,2022-09-13 11:32:00,6,28.55
642,2022-09-13 11:39:00,2,22.65
643,2022-09-13 11:49:00,1,37.3
644,2022-09-13 11:52:00,6,48.55
645,2022-09-13 11:53:00,4,20.3
646,2022-09-13 11:58:00,1,22.9
647,2022-09-13 12:07:00,4,39.5
648,2022-09-13 12:15:00,1,22.65
649,2022-09-13 12:23:00,3,46.8
650,2022-09-13 12:28:00,4,36.3
651,2022-09-13 12:29:00,1,48.3
652,2022-09-13 12:38:00,5,40.1
653,2022-09-13 12:45:00,4,49.8
654,2022-09-13 12:52:00,1,27.3
655,2022-09-13 12:58:00,5,39.05
656,2022-09-13 13:06:00,3,20.3
657,2022-09-13 13:12:00,5,18.05
658,2022-09-13 13:21:00,6,41.65
659,2022-09-13 13:30:00,1,28.55
660,2022-09-13 13:34:00,3,32.95
661,2022-09-13 13:39:00,5,39.85
662,2022-09-13 13:48:00,4,24.95
663,2022-09-13 13:55:00,1,51.2
664,2022-09-13 14:00:00,2,42.1
665,2022-09-13 14:06:00,6,43.4
666,2022-09-13 14:15:00,5,25.2
667,2022-09-13 14:17:00,4,25.9
668,2022-09-13 14:27:00,4,52.2
669,2022-09-13 14:34:00,1,30.8
670,2022-09-13 14:41:00,4,20.3
671,2022-09-13 14:48:00,1,43.15
672,2022-09-13 14:49:00,7,51.7
673,2022-09-13 14:52:00,7,48.95
674,2022-09-13 14:55:00,2,22.95
675,2022-09-13 14:58:00,6,29.85
676,2022-09-13 15:02:00,2,41.45
677,2022-09-13 15:04:00,4,23.45
678,2022-09-13 15:11:00,4,36.9
679,2022-09-13 15:14:00,1,37.6
680,2022-09-13 15:15:00,6,29.0
681,2022-09-13 15:19:00,4,24.4
682,2022-09-13 15:29:00,1,41.45
683,2022-09-13 15:33:00,7,53.7
684,2022-09-14 10:00:00,5,41.2
685,2022-09-14 10:06:00,6,48.3
686,2022-09-14 10:13:00,7,42.45
687,2022-09-14 10:18:00,1,40.4
688,2022-09-14 10:28:00,6,25.2
689,2022-09-14 10:36:00,1,40.7
690,2022-09-14 10:44:00,2,27.55
691,2022-09-14 10:53:00,3,33.45
692,2022-09-14 11:02:00,5,35.3
693,2022-09-14 11:10:00,7,30.55
694,2022-09-14 11:14:00,3,27.2
695,2022-09-14 11:22:00,3,18.8
696,2022-09-14 11:28:00,3,37.2
697,2022-09-14 11:36:00,2,38.05
698,2022-09-14 11:38:00,3,47.3
699,2022-09-14 11:42:00,7,43.15
700,2022-09-14 11:49:00,1,25.9
701,2022-09-14 11:59:00,2,18.55
702,2022-09-14 12:08:00,5,15.45
703,2022-09-14 12:11:00,6,15.65
704,2022-09-14 12:14:00,4,19.8
705,2022-09-14 12:16:00,1,25.4
706,2022-09-14 12:18:00,6,33.15
707,2022-09-14 12:26:00,3,35.7
708,2022-09-14 12:27:00,3,37.55
709,2022-09-14 12:30:00,5,24.4
710,2022-09-14 12:31:00,5,22.4
711,2022-09-14 12:40:00,2,50.2
712,2022-09-14 12:45:00,5,42.9
713,2022-09-14 12:47:00,4,18.8
714,2022-09-14 12:53:00,5,23.7
715,2022-09-14 13:02:00,6,24.15
716,2022-09-14 13:09:00,1,27.8
717,2022-09-14 13:17:00,3,22.15
718,2022-09-14 13:24:00,4,54.95
719,2022-09-14 13:33:00,6,39.8
720,2022-09-14 13:42:00,1,30.8
721,2022-09-14 13:46:00,2,43.95
722,2022-09-14 13:56:00,3,41.9
723,2022-09-14 14:01:00,2,22.4
724,2022-09-14 14:08:00,2,27.3
725,2022-09-14 14:09:00,6,22.65
726,2022-09-14 14:11:00,7,42.45
727,2022-09-14 14:12:00,3,44.7
728,2022-09-14 14:22:00,4,40.15
729,2022-09-14 14:31:00,2,18.3
730,2022-09-14 14:41:00,2,50.45
731,2022-09-14 14:51:00,5,18.55
732,2022-09-14 14:57:00,5,43.9
733,2022-09-14 15:07:00,7,33.15
734,2022-09-14 15:15:00,6,31.7
735,2022-09-14 15:24:00,4,27.05
736,2022-09-14 15:30:00,3,28.05
737,2022-09-14 15:31:00,6,28.8
738,2022-09-14 15:32:00,4,51.45
739,2022-09-14 15:35:00,6,46.3
740,2022-09-14 15:45:00,5,40.3
741,2022-09-14 15:52:00,7,44.45
742,2022-09-14 15:53:00,6,23.2
743,2022-09-14 15:55:00,6,38.05
744,2022-09-14 16:02:00,3,18.55
745,2022-09-14 16:06:00,6,21.5
746,2022-09-14 16:08:00,5,51.7
747,2022-09-14 16:13:00,5,48.8
748,2022-09-14 16:14:00,3,29.05
749,2022-09-14 16:24:00,6,31.4
750,2022-09-14 16:26:00,6,31.15
751,2022-09-15 10:00:00,1,38.8
752,2022-09-15 10:10:00,4,33.15
753,2022-09-15 10:11:00,5,52.95
754,2022-09-15 10:14:00,7,15.95
755,2022-09-15 10:17:00,2,34.65
756,2022-09-15 10:22:00,5,51.2
757,2022-09-15 10:32:00,3,27.55
758,2022-09-15 10:35:00,6,42.15
759,2022-09-15 10:45:00,1,40.35
760,2022-09-15 10:50:00,6,27.05
761,2022-09-15 10:59:00,2,29.1
762,2022-09-15 11:06:00,5,45.7
763,2022-09-15 11:11:00,6,22.4
764,2022-09-15 11:19:00,6,20.3
765,2022-09-15 11:27:00,4,22.65
766,2022-09-15 11:36:00,2,22.7
767,2022-09-15 11:44:00,3,47.2
768,2022-09-15 11:51:00,1,41.9
769,2022-09-15 11:52:00,7,28.3
770,2022-09-15 11:56:00,4,25.2
771,2022-09-15 12:02:00,4,32.9
772,2022-09-15 12:08:00,6,27.55
773,2022-09-15 12:18:00,7,40.65
774,2022-09-15 12:23:00,6,33.4
775,2022-09-15 12:27:00,1,26.8
776,2022-09-15 12:34:00,3,47.05
777,2022-09-15 12:42:00,4,32.65
778,2022-09-15 12:43:00,5,28.2
779,2022-09-15 12:47:00,6,52.2
780,2022-09-15 12:48:00,2,40.8
781,2022-09-15 12:50:00,4,22.95
782,2022-09-15 12:58:00,5,28.2
783,2022-09-15 13:01:00,1,31.15
784,2022-09-15 13:03:00,4,32.9
785,2022-09-15 13:04:00,1,25.9
786,2022-09-15 13:13:00,4,24.15
787,2022-09-15 13:21:00,7,18.05
788,2022-09-15 13:26:00,7,21.8
789,2022-09-15 13:36:00,2,29.3
790,2022-09-15 13:37:00,4,27.3
791,2022-09-15 13:42:00,6,36.05
792,2022-09-15 13:45:00,1,15.15
793,2022-09-15 13:47:00,4,29.05
794,2022-09-15 13:54:00,3,18.05
795,2022-09-15 14:04:00,2,40.95
796,2022-09-15 14:14:00,6,18.3
797,2022-09-15 14:22:00,6,23.9
798,2022-09-15 14:26:00,5,37.55
799,2022-09-15 14:30:00,7,49.35
800,2022-09-15 14:37:00,2,41.9
801,2022-09-15 14:39:00,5,47.55
802,2022-09-15 14:41:00,3,46.8
803,2022-09-15 14:50:00,6,43.9
804,2022-09-15 14:56:00,3,38.3
805,2022-09-15 15:02:00,4,49.7
806,2022-09-15 15:05:00,1,48.55
807,2022-09-15 15:15:00,2,42.2
808,2022-09-15 15:17:00,6,36.3
809,2022-09-15 15:19:00,7,24.15
810,2022-09-15 15:26:00,1,18.05
811,2022-09-15 15:32:00,3,52.7
812,2022-09-15 15:35:00,1,30.9
813,2022-09-15 15:42:00,3,50.7
814,2022-09-15 15:52:00,4,26.7
815,2022-09-15 15:59:00,2,32.45
816,2022-09-15 16:06:00,3,33.45
817,2022-09-16 10:00:00,4,33.95
818,2022-09-16 10:03:00,6,48.8
819,2022-09-16 10:13:00,7,39.5
820,2022-09-16 10:15:00,2,42.9
821,2022-09-16 10:21:00,7,33.95
822,2022-09-16 10:26:00,5,32.9
823,2022-09-16 10:31:00,5,35.2
824,2022-09-16 10:39:00,4,29.3
825,2022-09-16 10:49:00,3,21.9
826,2022-09-16 10:52:00,3,35.55
827,2022-09-16 11:01:00,6,33.95
828,2022-09-16 11:10:00,5,23.7
829,2022-09-16 11:16:00,2,46.8
830,2022-09-16 11:26:00,2,25.2
831,2022-09-16 11:30:00,3,20.8
832,2022-09-16 11:31:00,2,22.95
833,2022-09-16 11:34:00,6,21.9
834,2022-09-16 11:35:00,1,27.3
835,2022-09-16 11:40:00,1,33.75
836,2022-09-16 11:46:00,4,54.7
837,2022-09-16 11:55:00,5,30.3
838,2022-09-16 12:02:00,4,24.7
839,2022-09-16 12:11:00,4,30.3
840,2022-09-16 12:21:00,6,23.9
841,2022-09-16 12:31:00,7,22.65
842,2022-09-16 12:34:00,5,31.45
843,2022-09-16 12:35:00,1,41.4
844,2022-09-16 12:41:00,7,31.75
845,2022-09-16 12:42:00,1,30.8
846,2022-09-16 12:44:00,3,25.95
847,2022-09-16 12:48:00,3,30.8
848,2022-09-16 12:57:00,7,46.8
849,2022-09-16 13:06:00,3,28.15
850,2022-09-16 13:08:00,7,33.2
851,2022-09-16 13:10:00,5,32.6
852,2022-09-16 13:19:00,6,24.15
853,2022-09-16 13:27:00,6,48.55
854,2022-09-16 13:34:00,6,27.55
855,2022-09-16 13:41:00,1,23.45
856,2022-09-16 13:51:00,6,43.4
857,2022-09-16 13:55:00,3,41.4
858,2022-09-16 14:03:00,7,15.15
859,2022-09-16 14:04:00,1,42.7
860,2022-09-16 14:12:00,4,46.8
861,2022-09-16 14:16:00,7,49.45
862,2022-09-16 14:24:00,6,19.8
863,2022-09-16 14:34:00,1,52.3
864,2022-09-16 14:37:00,3,28.55
865,2022-09-16 14:41:00,1,43.9
866,2022-09-16 14:45:00,5,22.4
867,2022-09-16 14:50:00,3,50.95
868,2022-09-16 14:52:00,1,32.9
869,2022-09-16 15:00:00,5,33.45
870,2022-09-16 15:08:00,5,45.15
871,2022-09-16 15:13:00,3,54.7
872,2022-09-16 15:18:00,7,43.2
873,2022-09-16 15:28:00,1,45.7
874,2022-09-16 15:38:00,4,48.05
875,2022-09-16 15:46:00,1,47.05
876,2022-09-16 15:54:00,2,26.45
877,2022-09-16 16:00:00,1,41.65
878,2022-09-16 16:03:00,6,40.15
879,2022-09-16 16:07:00,2,51.95
880,2022-09-17 10:00:00,6,33.4
881,2022-09-17 10:04:00,4,17.8
882,2022-09-17 10:07:00,7,22.4
883,2022-09-17 10:11:00,4,29.05
884,2022-09-17 10:21:00,2,41.4
885,2022-09-17 10:22:00,3,48.8
886,2022-09-17 10:24:00,3,23.45
887,2022-09-17 10:28:00,1,23.7
888,2022-09-17 10:31:00,2,22.45
889,2022-09-17 10:37:00,6,31.05
890,2022-09-17 10:44:00,6,20.35
891,2022-09-17 10:46:00,3,44.15
892,2022-09-17 10:49:00,5,46.8
893,2022-09-17 10:59:00,4,21.1
894,2022-09-17 11:04:00,2,18.55
895,2022-09-17 11:08:00,7,22.65
896,2022-09-17 11:18:00,2,45.7
897,2022-09-17 11:22:00,2,40.15
898,2022-09-17 11:31:00,4,34.35
899,2022-09-17 11:39:00,1,43.15
900,2022-09-17 11:48:00,1,23.2
901,2022-09-17 11:57:00,7,32.45
902,2022-09-17 11:58:00,3,45.05
903,2022-09-17 12:07:00,1,37.8
904,2022-09-17 12:10:00,1,42.45
905,2022-09-17 12:16:00,6,33.2
906,2022-09-17 12:24:00,1,36.45
907,2022-09-17 12:30:00,7,35.55
908,2022-09-17 12:33:00,3,38.05
909,2022-09-17 12:34:00,1,42.15
910,2022-09-17 12:44:00,1,31.9
911,2022-09-17 12:46:00,5,20.05
912,2022-09-17 12:51:00,4,18.8
913,2022-09-17 12:53:00,3,19.8
914,2022-09-17 13:01:00,6,27.3
915,2022-09-17 13:03:00,3,32.45
916,2022-09-17 13:13:00,2,30.25
917,2022-09-17 13:20:00,2,28.8
918,2022-09-17 13:22:00,7,39.8
919,2022-09-17 13:30:00,5,19.7
920,2022-09-17 13:39:00,4,40.15
921,2022-09-17 13:45:00,7,24.7
922,2022-09-17 13:55:00,3,31.05
923,2022-09-17 14:04:00,7,42.7
924,2022-09-17 14:14:00,5,27.55
925,2022-09-17 14:16:00,5,17.55
926,2022-09-17 14:17:00,7,41.8
927,2022-09-17 14:24:00,5,34.2
928,2022-09-17 14:26:00,5,43.65
929,2022-09-17 14:28:00,4,39.65
930,2022-09-17 14:37:00,4,38.05
931,2022-09-17 14:46:00,3,40.4
932,2022-09-17 14:49:00,1,22.3
933,2022-09-17 14:51:00,2,44.55
934,2022-09-17 14:57:00,5,46.05
935,2022-09-17 15:07:00,4,23.2
936,2022-09-17 15:12:00,5,18.05
937,2022-09-17 15:16:00,4,32.65
938,2022-09-17 15:24:00,2,24.7
939,2022-09-17 15:33:00,7,48.35
940,2022-09-17 15:42:00,4,24.4
941,2022-09-17 15:45:00,3,25.4
942,2022-09-17 15:46:00,3,24.4
943,2022-09-17 15:56:00,1,41.2
944,2022-09-17 15:59:00,7,28.75
945,2022-09-17 16:09:00,6,18.05
946,2022-09-17 16:14:00,1,34.65
947,2022-09-17 16:17:00,2,41.2
948,2022-09-17 16:21:00,2,35.7
949,2022-09-17 16:25:00,5,32.7
950,2022-09-17 16:28:00,3,23.65
951,2022-09-17 16:36:00,4,20.3
952,2022-09-17 16:37:00,4,47.05
953,2022-09-17 16:42:00,1,18.8
954,2022-09-17 16:44:00,7,31.65
955,2022-09-17 16:50:00,4,29.8
956,2022-09-17 16:51:00,4,50.85
957,2022-09-17 16:56:00,5,25.2
958,2022-09-17 17:05:00,4,19.8
959,2022-09-17 17:07:00,7,55.2
960,2022-09-17 17:15:00,7,41.45
961,2022-09-17 17:25:00,4,38.3
962,2022-09-17 17:31:00,3,29.05
963,2022-09-17 17:33:00,4,43.9
964,2022-09-17 17:39:00,3,22.4
965,2022-09-17 17:49:00,6,27.3
966,2022-09-17 17:50:00,2,42.2
967,2022-09-17 17:59:00,5,42.2
968,2022-09-17 18:08:00,4,39.9
969,2022-09-17 18:13:00,7,19.3
970,2022-09-17 18:21:00,1,20.3
971,2022-09-17 18:28:00,3,22.95
972,2022-09-17 18:38:00,3,33.4
973,2022-09-17 18:42:00,4,37.8
974,2022-09-17 18:52:00,6,33.7
975,2022-09-17 19:02:00,3,44.7
976,2022-09-17 19:04:00,5,33.15
977,2022-09-17 19:09:00,2,42.45
978,2022-09-17 19:19:00,7,50.3
979,2022-09-17 19:25:00,2,50.3
980,2022-09-17 19:31:00,3,44.55
981,2022-09-17 19:32:00,7,33.15
982,2022-09-17 19:39:00,1,35.2
983,2022-09-17 19:41:00,6,37.8
984,2022-09-17 19:43:00,1,39.05
985,2022-09-17 19:48:00,6,35.8
986,2022-09-18 10:00:00,2,38.8
987,2022-09-18 10:03:00,7,41.9
988,2022-09-18 10:04:00,2,47.35
989,2022-09-18 10:05:00,5,46.3
990,2022-09-18 10:12:00,4,23.65
991,2022-09-18 10:19:00,4,40.05
992,2022-09-18 10:24:00,3,23.2
993,2022-09-18 10:29:00,1,41.15
994,2022-09-18 10:37:00,2,31.95
995,2022-09-18 10:42:00,2,31.15
996,2022-09-18 10:52:00,3,35.7
997,2022-09-18 10:53:00,5,42.15
998,2022-09-18 10:55:00,6,34.3
999,2022-09-18 11:02:00,5,31.45
1000,2022-09-18 11:03:00,1,22.7
1001,2022-09-18 11:04:00,7,30.8
1002,2022-09-18 11:09:00,7,52.7
1003,2022-09-18 11:14:00,1,39.9
1004,2022-09-18 11:17:00,1,22.45
1005,2022-09-18 11:22:00,7,35.7
1006,2022-09-18 11:24:00,5,33.4
1007,2022-09-18 11:28:00,3,34.2
1008,2022-09-18 11:35:00,4,39.8
1009,2022-09-18 11:37:00,5,43.95
1010,2022-09-18 11:45:00,7,32.65
1011,2022-09-18 11:48:00,5,18.05
1012,2022-09-18 11:57:00,3,23.2
1013,2022-09-18 12:00:00,4,20.3
1014,2022-09-18 12:04:00,7,19.8
1015,2022-09-18 12:11:00,6,43.9
1016,2022-09-18 12:13:00,4,21.8
1017,2022-09-18 12:23:00,5,51.45
1018,2022-09-18 12:31:00,7,31.95
1019,2022-09-18 12:41:00,5,44.65
1020,2022-09-18 12:44:00,7,41.2
1021,2022-09-18 12:49:00,5,48.35
1022,2022-09-18 12:57:00,3,24.15
1023,2022-09-18 13:06:00,7,32.9
1024,2022-09-18 13:12:00,6,46.2
1025,2022-09-18 13:19:00,7,20.3
1026,2022-09-18 13:25:00,1,30.85
1027,2022-09-18 13:27:00,2,49.45
1028,2022-09-18 13:37:00,4,33.4
1029,2022-09-18 13:46:00,4,25.9
1030,2022-09-18 13:47:00,4,43.9
1031,2022-09-18 13:54:00,7,34.2
1032,2022-09-18 13:58:00,2,22.45
1033,2022-09-18 14:08:00,3,24.15
1034,2022-09-18 14:15:00,7,43.2
1035,2022-09-18 14:17:00,7,52.7
1036,2022-09-18 14:22:00,6,50.2
1037,2022-09-18 14:29:00,2,24.7
1038,2022-09-18 14:37:00,4,17.7
1039,2022-09-18 14:40:00,7,30.7
1040,2022-09-18 14:41:00,2,24.2
1041,2022-09-18 14:43:00,7,32.65
1042,2022-09-18 14:53:00,5,17.55
1043,2022-09-18 14:57:00,3,41.45
1044,2022-09-18 14:58:00,5,18.8
1045,2022-09-18 15:04:00,3,35.2
1046,2022-09-18 15:09:00,3,30.1
1047,2022-09-18 15:16:00,5,35.2
1048,2022-09-18 15:17:00,2,40.95
1049,2022-09-18 15:18:00,5,40.8
1050,2022-09-18 15:21:00,4,18.8
1051,2022-09-19 10:00:00,1,28.6
1052,2022-09-19 10:04:00,7,49.45
1053,2022-09-19 10:11:00,4,46.3
1054,2022-09-19 10:15:00,1,21.1
1055,2022-09-19 10:18:00,2,56.7
1056,2022-09-19 10:26:00,2,48.3
1057,2022-09-19 10:29:00,1,33.45
1058,2022-09-19 10:39:00,1,30.55
1059,2022-09-19 10:46:00,6,50.55
1060,2022-09-19 10:52:00,4,18.05
1061,2022-09-19 10:59:00,4,33.45
1062,2022-09-19 11:00:00,1,24.9
1063,2022-09-19 11:08:00,1,25.2
1064,2022-09-19 11:13:00,4,37.55
1065,2022-09-19 11:23:00,4,55.2
1066,2022-09-19 11:27:00,3,35.8
1067,2022-09-19 11:31:00,3,18.8
1068,2022-09-19 11:35:00,2,22.1
1069,2022-09-19 11:45:00,2,24.4
1070,2022-09-19 11:51:00,1,33.7
1071,2022-09-19 11:59:00,4,49.7
1072,2022-09-19 12:07:00,3,30.3
1073,2022-09-19 12:13:00,5,36.3
1074,2022-09-19 12:23:00,7,34.2
1075,2022-09-19 12:31:00,7,22.65
1076,2022-09-19 12:38:00,4,34.15
1077,2022-09-19 12:46:00,1,44.2
1078,2022-09-19 12:49:00,2,31.05
1079,2022-09-19 12:55:00,1,18.8
1080,2022-09-19 12:59:00,3,43.4
1081,2022-09-19 13:07:00,6,33.45
1082,2022-09-19 13:11:00,3,34.9
1083,2022-09-19 13:16:00,7,25.9
1084,2022-09-19 13:17:00,7,19.8
1085,2022-09-19 13:27:00,2,41.95
1086,2022-09-19 13:29:00,6,33.95
1087,2022-09-19 13:33:00,6,19.8
1088,2022-09-19 13:43:00,6,35.55
1089,2022-09-19 13:51:00,1,48.05
1090,2022-09-19 14:00:00,7,24.4
1091,2022-09-19 14:05:00,7,17.4
1092,2022-09-19 14:09:00,1,50.95
1093,2022-09-19 14:19:00,4,31.9
1094,2022-09-19 14:21:00,2,45.2
1095,2022-09-19 14:29:00,7,33.7
1096,2022-09-19 14:38:00,7,49.8
1097,2022-09-19 14:45:00,6,41.9
1098,2022-09-19 14:55:00,1,22.2
1099,2022-09-19 15:03:00,2,18.8
1100,2022-09-19 15:12:00,3,26.7
1101,2022-09-19 15:16:00,6,23.7
1102,2022-09-19 15:21:00,4,46.8
1103,2022-09-19 15:25:00,7,47.3
1104,2022-09-19 15:30:00,4,29.8
1105,2022-09-19 15:35:00,1,20.55
1106,2022-09-19 15:43:00,6,33.15
1107,2022-09-19 15:47:00,3,34.2
1108,2022-09-19 15:49:00,7,37.8
1109,2022-09-19 15:55:00,5,43.9
1110,2022-09-19 16:03:00,4,40.05
1111,2022-09-19 16:07:00,1,33.15
1112,2022-09-19 16:13:00,7,37.05
1113,2022-09-19 16:22:00,6,50.55
1114,2022-09-19 16:25:00,6,24.15
1115,2022-09-19 16:30:00,5,41.65
1116,2022-09-20 10:00:00,6,42.15
1117,2022-09-20 10:02:00,5,20.05
1118,2022-09-20 10:11:00,6,22.4
1119,2022-09-20 10:15:00,1,50.2
1120,2022-09-20 10:23:00,7,41.9
1121,2022-09-20 10:24:00,3,44.15
1122,2022-09-20 10:31:00,5,31.1
1123,2022-09-20 10:37:00,1,46.8
1124,2022-09-20 10:43:00,1,28.05
1125,2022-09-20 10:48:00,3,22.1
1126,2022-09-20 10:56:00,5,22.7
1127,2022-09-20 11:02:00,1,48.55
1128,2022-09-20 11:12:00,2,30.8
1129,2022-09-20 11:22:00,2,18.55
1130,2022-09-20 11:27:00,6,22.7
1131,2022-09-20 11:28:00,2,20.3
1132,2022-09-20 11:38:00,7,43.65
1133,2022-09-20 11:43:00,2,24.15
1134,2022-09-20 11:50:00,4,26.7
1135,2022-09-20 11:51:00,2,39.0
1136,2022-09-20 11:52:00,4,42.95
1137,2022-09-20 12:01:00,5,22.1
1138,2022-09-20 12:06:00,5,24.2
1139,2022-09-20 12:12:00,4,41.7
1140,2022-09-20 12:17:00,4,36.55
1141,2022-09-20 12:25:00,1,34.9
1142,2022-09-20 12:27:00,3,24.7
1143,2022-09-20 12:32:00,2,32.45
1144,2022-09-20 12:36:00,4,40.2
1145,2022-09-20 12:38:00,4,21.5
1146,2022-09-20 12:47:00,3,43.4
1147,2022-09-20 12:52:00,2,44.3
1148,2022-09-20 12:58:00,5,44.55
1149,2022-09-20 13:08:00,7,36.4
1150,2022-09-20 13:12:00,1,42.1
1151,2022-09-20 13:18:00,7,51.7
1152,2022-09-20 13:21:00,6,42.8
1153,2022-09-20 13:26:00,7,32.9
1154,2022-09-20 13:28:00,1,40.7
1155,2022-09-20 13:30:00,2,23.2
1156,2022-09-20 13:32:00,7,44.05
1157,2022-09-20 13:41:00,4,17.4
1158,2022-09-20 13:50:00,7,22.95
1159,2022-09-20 13:59:00,1,22.4
1160,2022-09-20 14:00:00,1,19.8
1161,2022-09-20 14:09:00,6,18.3
1162,2022-09-20 14:18:00,7,24.65
1163,2022-09-20 14:25:00,2,50.3
1164,2022-09-20 14:30:00,5,51.8
1165,2022-09-20 14:40:00,4,22.65
1166,2022-09-20 14:50:00,5,36.05
1167,2022-09-20 14:56:00,7,21.9
1168,2022-09-20 15:03:00,4,21.25
1169,2022-09-20 15:11:00,4,41.2
1170,2022-09-20 15:16:00,6,25.2
1171,2022-09-20 15:20:00,4,27.8
1172,2022-09-20 15:23:00,6,41.3
1173,2022-09-20 15:25:00,4,40.65
1174,2022-09-20 15:28:00,2,50.3
1175,2022-09-20 15:34:00,2,22.9
1176,2022-09-20 15:41:00,6,18.3
1177,2022-09-20 15:50:00,2,29.3
1178,2022-09-20 15:53:00,4,33.4
1179,2022-09-20 15:59:00,7,24.4
1180,2022-09-20 16:04:00,5,38.05
1181,2022-09-20 16:12:00,7,31.95
1182,2022-09-20 16:22:00,2,18.3
1183,2022-09-20 16:26:00,2,30.95
1184,2022-09-21 10:00:00,6,38.55
1185,2022-09-21 10:02:00,1,41.15
1186,2022-09-21 10:06:00,5,41.9
1187,2022-09-21 10:12:00,1,35.2
1188,2022-09-21 10:22:00,5,24.7
1189,2022-09-21 10:28:00,6,48.3
1190,2022-09-21 10:32:00,2,33.4
1191,2022-09-21 10:39:00,3,52.95
1192,2022-09-21 10:41:00,4,49.95
1193,2022-09-21 10:46:00,2,43.15
1194,2022-09-21 10:53:00,7,20.35
1195,2022-09-21 10:54:00,7,15.45
1196,2022-09-21 10:56:00,3,18.2
1197,2022-09-21 11:02:00,6,37.8
1198,2022-09-21 11:05:00,6,32.55
1199,2022-09-21 11:13:00,4,24.15
1200,2022-09-21 11:22:00,6,20.3
1201,2022-09-21 11:25:00,1,38.75
1202,2022-09-21 11:35:00,4,19.8
1203,2022-09-21 11:41:00,6,22.65
1204,2022-09-21 11:50:00,4,14.75
1205,2022-09-21 11:51:00,1,24.7
1206,2022-09-21 11:59:00,1,39.8
1207,2022-09-21 12:03:00,3,50.8
1208,2022-09-21 12:13:00,6,43.95
1209,2022-09-21 12:19:00,6,44.7
1210,2022-09-21 12:26:00,4,51.7
1211,2022-09-21 12:28:00,1,39.3
1212,2022-09-21 12:29:00,1,29.35
1213,2022-09-21 12:37:00,3,50.45
1214,2022-09-21 12:42:00,5,35.3
1215,2022-09-21 12:51:00,1,50.6
1216,2022-09-21 12:55:00,6,42.15
1217,2022-09-21 13:00:00,7,32.45
1218,2022-09-21 13:07:00,3,35.45
1219,2022-09-21 13:11:00,1,39.3
1220,2022-09-21 13:14:00,7,42.15
1221,2022-09-21 13:16:00,2,22.4
1222,2022-09-21 13:18:00,6,50.2
1223,2022-09-21 13:25:00,2,20.3
1224,2022-09-21 13:31:00,3,38.6
1225,2022-09-21 13:40:00,3,30.8
1226,2022-09-21 13:50:00,1,23.7
1227,2022-09-21 13:52:00,4,45.05
1228,2022-09-21 13:55:00,2,32.65
1229,2022-09-21 14:02:00,2,38.3
1230,2022-09-21 14:03:00,7,21.1
1231,2022-09-21 14:09:00,7,18.3
1232,2022-09-21 14:13:00,2,17.55
1233,2022-09-21 14:16:00,6,35.8
1234,2022-09-21 14:24:00,4,40.05
1235,2022-09-21 14:28:00,7,41.3
1236,2022-09-21 14:30:00,7,37.25
1237,2022-09-21 14:40:00,4,28.55
1238,2022-09-21 14:45:00,3,48.25
1239,2022-09-21 14:55:00,2,32.2
1240,2022-09-21 15:01:00,3,39.8
1241,2022-09-21 15:07:00,2,50.7
1242,2022-09-21 15:13:00,4,32.7
1243,2022-09-21 15:19:00,1,33.45
1244,2022-09-21 15:24:00,6,19.75
1245,2022-09-21 15:29:00,7,39.8
1246,2022-09-21 15:38:00,5,37.8
1247,2022-09-22 10:00:00,6,18.8
1248,2022-09-22 10:03:00,3,23.2
1249,2022-09-22 10:05:00,7,40.95
1250,2022-09-22 10:12:00,2,40.7
1251,2022-09-22 10:19:00,4,42.15
1252,2022-09-22 10:20:00,1,51.1
1253,2022-09-22 10:22:00,3,23.2
1254,2022-09-22 10:26:00,4,23.45
1255,2022-09-22 10:33:00,3,35.8
1256,2022-09-22 10:36:00,2,42.95
1257,2022-09-22 10:41:00,7,32.65
1258,2022-09-22 10:45:00,1,32.2
1259,2022-09-22 10:55:00,4,49.05
1260,2022-09-22 10:59:00,5,31.65
1261,2022-09-22 11:08:00,6,31.7
1262,2022-09-22 11:15:00,1,52.6
1263,2022-09-22 11:18:00,5,36.4
1264,2022-09-22 11:21:00,2,31.7
1265,2022-09-22 11:27:00,4,33.4
1266,2022-09-22 11:30:00,2,49.7
1267,2022-09-22 11:40:00,6,42.95
1268,2022-09-22 11:43:00,6,42.2
1269,2022-09-22 11:44:00,3,50.05
1270,2022-09-22 11:45:00,1,48.55
1271,2022-09-22 11:52:00,1,31.9
1272,2022-09-22 11:58:00,3,33.95
1273,2022-09-22 12:04:00,1,29.05
1274,2022-09-22 12:05:00,6,33.95
1275,2022-09-22 12:13:00,3,51.45
1276,2022-09-22 12:15:00,6,29.05
1277,2022-09-22 12:24:00,7,26.8
1278,2022-09-22 12:25:00,6,45.55
1279,2022-09-22 12:32:00,2,28.55
1280,2022-09-22 12:33:00,5,42.15
1281,2022-09-22 12:37:00,7,32.4
1282,2022-09-22 12:46:00,6,33.7
1283,2022-09-22 12:56:00,7,41.4
1284,2022-09-22 13:05:00,5,20.1
1285,2022-09-22 13:15:00,5,39.85
1286,2022-09-22 13:21:00,4,39.8
1287,2022-09-22 13:25:00,5,31.4
1288,2022-09-22 13:31:00,7,18.05
1289,2022-09-22 13:34:00,3,35.2
1290,2022-09-22 13:35:00,5,31.4
1291,2022-09-22 13:43:00,2,27.55
1292,2022-09-22 13:50:00,7,31.65
1293,2022-09-22 13:59:00,2,43.65
1294,2022-09-22 14:05:00,1,15.7
1295,2022-09-22 14:06:00,5,38.3
1296,2022-09-22 14:15:00,1,42.95
1297,2022-09-22 14:23:00,3,15.15
1298,2022-09-22 14:31:00,3,29.3
1299,2022-09-22 14:36:00,7,40.95
1300,2022-09-22 14:39:00,1,35.7
1301,2022-09-22 14:48:00,2,24.15
1302,2022-09-22 14:55:00,2,31.95
1303,2022-09-22 15:00:00,6,25.9
1304,2022-09-22 15:05:00,7,48.8
1305,2022-09-22 15:12:00,6,31.95
1306,2022-09-22 15:19:00,2,45.8
1307,2022-09-22 15:20:00,3,47.05
1308,2022-09-22 15:26:00,6,40.7
1309,2022-09-23 10:00:00,4,24.95
1310,2022-09-23 10:06:00,6,18.8
1311,2022-09-23 10:12:00,6,19.8
1312,2022-09-23 10:16:00,4,32.95
1313,2022-09-23 10:17:00,6,30.5
1314,2022-09-23 10:24:00,7,22.9
1315,2022-09-23 10:26:00,7,45.3
1316,2022-09-23 10:34:00,1,27.3
1317,2022-09-23 10:41:00,4,32.45
1318,2022-09-23 10:46:00,2,47.05
1319,2022-09-23 10:53:00,3,19.3
1320,2022-09-23 10:58:00,3,24.4
1321,2022-09-23 11:07:00,7,32.45
1322,2022-09-23 11:17:00,7,40.7
1323,2022-09-23 11:18:00,5,28.55
1324,2022-09-23 11:24:00,4,27.05
1325,2022-09-23 11:33:00,6,24.7
1326,2022-09-23 11:37:00,5,23.2
1327,2022-09-23 11:40:00,1,18.55
1328,2022-09-23 11:43:00,2,37.8
1329,2022-09-23 11:46:00,6,32.45
1330,2022-09-23 11:50:00,6,43.15
1331,2022-09-23 11:57:00,7,31.7
1332,2022-09-23 11:58:00,2,24.65
1333,2022-09-23 12:05:00,7,48.3
1334,2022-09-23 12:08:00,5,48.3
1335,2022-09-23 12:15:00,4,38.75
1336,2022-09-23 12:18:00,3,43.2
1337,2022-09-23 12:23:00,7,48.3
1338,2022-09-23 12:32:00,1,18.05
1339,2022-09-23 12:40:00,4,29.05
1340,2022-09-23 12:41:00,7,27.3
1341,2022-09-23 12:49:00,5,33.15
1342,2022-09-23 12:50:00,3,23.2
1343,2022-09-23 12:59:00,2,21.6
1344,2022-09-23 13:03:00,4,32.7
1345,2022-09-23 13:05:00,5,39.55
1346,2022-09-23 13:15:00,4,28.75
1347,2022-09-23 13:17:00,4,32.7
1348,2022-09-23 13:25:00,6,22.9
1349,2022-09-23 13:26:00,2,51.45
1350,2022-09-23 13:29:00,2,25.4
1351,2022-09-23 13:38:00,3,33.4
1352,2022-09-23 13:40:00,5,22.4
1353,2022-09-23 13:42:00,1,25.2
1354,2022-09-23 13:48:00,6,32.45
1355,2022-09-23 13:50:00,4,51.2
1356,2022-09-23 13:51:00,1,41.3
1357,2022-09-23 13:53:00,7,27.3
1358,2022-09-23 13:57:00,4,38.3
1359,2022-09-23 14:01:00,4,24.15
1360,2022-09-23 14:07:00,7,42.15
1361,2022-09-23 14:09:00,6,33.4
1362,2022-09-23 14:17:00,6,42.7
1363,2022-09-23 14:23:00,2,39.55
1364,2022-09-23 14:32:00,6,41.45
1365,2022-09-23 14:39:00,1,22.95
1366,2022-09-23 14:48:00,4,32.45
1367,2022-09-23 14:51:00,4,24.15
1368,2022-09-23 14:59:00,3,15.95
1369,2022-09-23 15:01:00,6,25.9
1370,2022-09-23 15:03:00,3,52.7
1371,2022-09-23 15:06:00,7,41.65
1372,2022-09-23 15:16:00,3,33.4
1373,2022-09-23 15:22:00,2,51.2
1374,2022-09-23 15:26:00,4,30.95
1375,2022-09-23 15:33:00,4,43.15
1376,2022-09-23 15:39:00,7,48.55
1377,2022-09-24 10:00:00,5,47.8
1378,2022-09-24 10:09:00,3,22.4
1379,2022-09-24 10:12:00,6,24.7
1380,2022-09-24 10:17:00,2,27.4
1381,2022-09-24 10:23:00,1,42.45
1382,2022-09-24 10:26:00,3,48.55
1383,2022-09-24 10:27:00,2,31.45
1384,2022-09-24 10:33:00,4,32.65
1385,2022-09-24 10:43:00,2,23.65
1386,2022-09-24 10:50:00,3,27.55
1387,2022-09-24 10:52:00,3,52.45
1388,2022-09-24 11:01:00,6,23.7
1389,2022-09-24 11:02:00,7,18.05
1390,2022-09-24 11:06:00,7,22.45
1391,2022-09-24 11:13:00,7,36.55
1392,2022-09-24 11:22:00,2,47.3
1393,2022-09-24 11:31:00,1,28.55
1394,2022-09-24 11:32:00,6,42.95
1395,2022-09-24 11:39:00,4,44.45
1396,2022-09-24 11:49:00,1,31.4
1397,2022-09-24 11:55:00,5,42.2
1398,2022-09-24 11:56:00,3,47.05
1399,2022-09-24 12:02:00,2,32.45
1400,2022-09-24 12:10:00,6,35.7
1401,2022-09-24 12:15:00,6,24.4
1402,2022-09-24 12:17:00,4,31.7
1403,2022-09-24 12:26:00,7,54.2
1404,2022-09-24 12:34:00,5,23.7
1405,2022-09-24 12:38:00,7,22.95
1406,2022-09-24 12:39:00,5,22.4
1407,2022-09-24 12:46:00,4,43.65
1408,2022-09-24 12:47:00,2,19.8
1409,2022-09-24 12:55:00,5,27.3
1410,2022-09-24 13:00:00,7,41.15
1411,2022-09-24 13:02:00,2,23.9
1412,2022-09-24 13:10:00,5,44.9
1413,2022-09-24 13:18:00,7,38.05
1414,2022-09-24 13:23:00,7,42.1
1415,2022-09-24 13:33:00,5,39.3
1416,2022-09-24 13:40:00,7,25.95
1417,2022-09-24 13:42:00,3,49.1
1418,2022-09-24 13:45:00,1,42.15
1419,2022-09-24 13:50:00,7,24.15
1420,2022-09-24 13:57:00,3,43.95
1421,2022-09-24 14:07:00,1,39.3
1422,2022-09-24 14:10:00,5,23.45
1423,2022-09-24 14:18:00,2,22.65
1424,2022-09-24 14:19:00,5,24.4
1425,2022-09-24 14:28:00,6,34.65
1426,2022-09-24 14:38:00,3,43.2
1427,2022-09-24 14:46:00,1,22.65
1428,2022-09-24 14:55:00,1,22.65
1429,2022-09-24 15:03:00,3,52.7
1430,2022-09-24 15:08:00,3,32.2
1431,2022-09-24 15:10:00,2,30.8
1432,2022-09-24 15:19:00,1,26.15
1433,2022-09-24 15:26:00,3,48.6
1434,2022-09-24 15:29:00,6,20.3
1435,2022-09-24 15:33:00,1,43.65
1436,2022-09-24 15:38:00,6,23.45
1437,2022-09-24 15:41:00,5,19.8
1438,2022-09-24 15:44:00,5,27.55
1439,2022-09-24 15:45:00,5,35.2
1440,2022-09-24 15:54:00,3,18.05
1441,2022-09-24 15:59:00,2,37.3
1442,2022-09-24 16:03:00,3,20.3
1443,2022-09-24 16:11:00,6,33.7
